Station Name,Date,Min Temp,Max Temp,First Temp,Last Temp
63rd Street Weather Station,12/31/2016,-1.3,5.6,3.5,-1.3
63rd Street Weather Station,12/30/2016,-2.8,3.6,0.6,3.6
63rd Street Weather Station,12/29/2016,0.4,2.8,2.8,1.1
63rd Street Weather Station,12/28/2016,-2.2,7.1,-1.9,3.3
63rd Street Weather Station,12/27/2016,-2.5,-0.3,-0.5,-1.5
63rd Street Weather Station,12/26/2016,-0.1,12.9,5.8,-0.1
63rd Street Weather Station,12/25/2016,0.8,4.4,1.5,4.4
63rd Street Weather Station,12/24/2016,1.4,2.8,2.3,1.9
63rd Street Weather Station,12/23/2016,-0.6,3.3,-0.6,2.2
63rd Street Weather Station,12/22/2016,-0.9,4.7,1.5,-0.9
63rd Street Weather Station,12/21/2016,-4.3,3.5,-3.6,1.9
63rd Street Weather Station,12/20/2016,-7.7,-0.6,-7.6,-3.2
63rd Street Weather Station,12/19/2016,-19.5,-8.6,-18.6,-8.6
63rd Street Weather Station,12/18/2016,-18.1,-6.3,-6.3,-18.1
63rd Street Weather Station,12/17/2016,-6.1,-3.0,-4.6,-5.2
63rd Street Weather Station,12/16/2016,-9.1,-5.0,-9.1,-5.0
63rd Street Weather Station,12/15/2016,-16.4,-10.9,-14.1,-10.9
63rd Street Weather Station,12/14/2016,-13.7,-6.0,-13.0,-13.7
63rd Street Weather Station,12/13/2016,-12.9,-3.7,-6.7,-12.9
63rd Street Weather Station,12/12/2016,-7.7,1.5,1.5,-6.8
63rd Street Weather Station,12/11/2016,-4.1,1.1,-4.1,1.1
63rd Street Weather Station,12/10/2016,-5.9,-3.6,-5.7,-4.1
63rd Street Weather Station,12/09/2016,-6.3,-2.9,-4.2,-6.3
63rd Street Weather Station,12/08/2016,-7.3,-3.7,-3.7,-4.0
63rd Street Weather Station,12/07/2016,-4.2,-0.4,-1.5,-3.7
63rd Street Weather Station,12/06/2016,-1.3,5.3,3.2,-1.3
63rd Street Weather Station,12/05/2016,0.6,3.2,0.8,3.2
63rd Street Weather Station,12/04/2016,0.6,2.4,0.6,0.8
63rd Street Weather Station,12/03/2016,0.9,2.4,2.4,1.0
63rd Street Weather Station,12/02/2016,2.7,5.0,3.7,2.7
63rd Street Weather Station,12/01/2016,3.2,5.2,3.5,3.8
63rd Street Weather Station,11/30/2016,3.3,9.2,9.2,3.5
63rd Street Weather Station,11/29/2016,8.4,14.5,11.8,9.8
63rd Street Weather Station,11/28/2016,5.5,11.4,7.6,11.2
63rd Street Weather Station,11/27/2016,2.6,7.6,4.4,7.6
63rd Street Weather Station,11/26/2016,1.8,7.7,2.8,5.1
63rd Street Weather Station,11/25/2016,3.0,5.9,3.0,3.3
63rd Street Weather Station,11/24/2016,3.0,7.5,7.5,3.0
63rd Street Weather Station,11/23/2016,3.8,7.8,4.6,7.8
63rd Street Weather Station,11/22/2016,1.3,5.0,4.1,5.0
63rd Street Weather Station,11/21/2016,-1.3,4.3,-0.6,4.2
63rd Street Weather Station,11/20/2016,-2.8,1.8,-0.9,-0.4
63rd Street Weather Station,11/19/2016,0.4,5.0,5.0,0.4
63rd Street Weather Station,11/18/2016,5.4,19.3,19.3,5.4
63rd Street Weather Station,11/17/2016,10.7,23.0,11.6,20.0
63rd Street Weather Station,11/16/2016,6.9,12.5,9.3,12.4
63rd Street Weather Station,11/15/2016,7.1,11.4,10.4,9.9
63rd Street Weather Station,11/14/2016,5.7,16.5,8.2,10.9
63rd Street Weather Station,11/13/2016,3.6,13.9,6.0,8.9
63rd Street Weather Station,11/12/2016,4.1,11.5,9.1,6.4
63rd Street Weather Station,11/11/2016,9.0,14.9,13.6,9.1
63rd Street Weather Station,11/10/2016,7.1,17.8,8.0,13.5
63rd Street Weather Station,11/09/2016,7.9,12.8,11.5,8.6
63rd Street Weather Station,11/08/2016,11.7,17.0,13.6,11.7
63rd Street Weather Station,11/07/2016,10.8,19.7,13.8,13.8
63rd Street Weather Station,11/06/2016,10.4,20.8,13.3,15.7
63rd Street Weather Station,11/05/2016,9.6,20.3,11.8,14.0
63rd Street Weather Station,11/04/2016,11.9,13.6,13.2,11.9
63rd Street Weather Station,11/03/2016,11.2,13.9,13.6,13.5
63rd Street Weather Station,11/02/2016,13.8,19.8,19.8,13.8
63rd Street Weather Station,11/01/2016,16.5,24.9,16.5,20.3
63rd Street Weather Station,10/31/2016,8.1,15.9,11.1,15.9
63rd Street Weather Station,10/30/2016,10.9,14.3,14.3,11.0
63rd Street Weather Station,10/29/2016,14.4,22.8,18.2,14.4
63rd Street Weather Station,10/28/2016,6.6,18.2,8.2,18.2
63rd Street Weather Station,10/27/2016,7.8,11.6,10.6,8.7
63rd Street Weather Station,10/26/2016,8.6,11.6,11.6,10.4
63rd Street Weather Station,10/25/2016,7.9,12.0,11.8,11.8
63rd Street Weather Station,10/24/2016,9.6,14.2,14.2,11.7
63rd Street Weather Station,10/23/2016,9.0,23.0,12.5,14.3
63rd Street Weather Station,10/22/2016,6.0,15.8,7.3,13.0
63rd Street Weather Station,10/21/2016,7.7,10.8,10.8,7.7
63rd Street Weather Station,10/20/2016,11.6,16.7,16.7,11.6
63rd Street Weather Station,10/19/2016,13.5,17.7,15.8,16.3
63rd Street Weather Station,10/18/2016,16.2,25.0,24.5,16.2
63rd Street Weather Station,10/17/2016,20.8,28.6,20.8,25.0
63rd Street Weather Station,10/16/2016,18.4,21.5,20.3,20.6
63rd Street Weather Station,10/15/2016,12.5,22.1,14.2,21.7
63rd Street Weather Station,10/14/2016,7.9,19.5,9.9,14.8
63rd Street Weather Station,10/13/2016,6.9,12.5,9.4,10.1
63rd Street Weather Station,10/12/2016,10.5,20.3,18.5,10.5
63rd Street Weather Station,10/11/2016,15.7,23.1,18.3,18.7
63rd Street Weather Station,10/10/2016,11.6,19.5,15.8,18.5
63rd Street Weather Station,10/09/2016,11.2,16.5,13.3,16.1
63rd Street Weather Station,10/08/2016,8.3,15.4,12.2,15.3
63rd Street Weather Station,10/07/2016,12.7,22.3,22.3,12.7
63rd Street Weather Station,10/06/2016,17.9,23.0,21.5,22.5
63rd Street Weather Station,10/05/2016,19.1,27.5,19.4,19.1
63rd Street Weather Station,10/04/2016,16.9,20.6,16.9,20.3
63rd Street Weather Station,10/03/2016,16.4,17.8,16.7,17.1
63rd Street Weather Station,10/02/2016,15.0,18.0,15.2,16.8
63rd Street Weather Station,10/01/2016,14.8,17.4,16.9,15.8
63rd Street Weather Station,09/30/2016,16.4,17.7,17.4,17.1
63rd Street Weather Station,09/29/2016,16.7,18.2,17.9,17.2
63rd Street Weather Station,09/28/2016,12.1,17.5,15.4,17.5
63rd Street Weather Station,09/27/2016,13.0,21.1,15.9,15.2
63rd Street Weather Station,09/26/2016,16.3,21.3,20.7,16.7
63rd Street Weather Station,09/25/2016,18.6,28.8,20.9,22.2
63rd Street Weather Station,09/24/2016,19.2,21.8,20.9,21.3
63rd Street Weather Station,09/23/2016,20.3,23.2,22.7,21.1
63rd Street Weather Station,09/22/2016,20.6,27.9,21.6,22.2
63rd Street Weather Station,09/21/2016,20.5,25.7,21.5,23.0
63rd Street Weather Station,09/20/2016,20.5,23.6,21.4,21.4
63rd Street Weather Station,09/19/2016,18.3,30.9,20.3,24.4
63rd Street Weather Station,09/18/2016,18.9,22.3,21.0,20.3
63rd Street Weather Station,09/17/2016,20.0,27.6,23.6,21.8
63rd Street Weather Station,09/16/2016,19.3,27.8,21.7,24.3
63rd Street Weather Station,09/15/2016,19.5,22.6,21.4,22.0
63rd Street Weather Station,09/14/2016,19.6,21.6,21.6,21.3
63rd Street Weather Station,09/13/2016,18.8,29.2,21.5,21.6
63rd Street Weather Station,09/12/2016,16.3,26.0,19.8,21.5
63rd Street Weather Station,09/11/2016,15.1,24.2,18.2,20.5
63rd Street Weather Station,09/10/2016,19.0,22.8,21.8,19.3
63rd Street Weather Station,09/09/2016,21.3,26.0,23.9,21.9
63rd Street Weather Station,09/08/2016,22.2,27.8,25.4,24.6
63rd Street Weather Station,09/07/2016,25.9,32.8,28.1,26.3
63rd Street Weather Station,09/06/2016,24.7,33.0,27.5,29.0
63rd Street Weather Station,09/05/2016,20.5,31.4,22.2,27.6
63rd Street Weather Station,09/04/2016,18.1,25.9,21.3,23.9
63rd Street Weather Station,09/03/2016,17.5,21.9,21.8,21.5
63rd Street Weather Station,09/02/2016,19.4,21.8,21.8,21.8
63rd Street Weather Station,09/01/2016,18.4,22.7,22.7,21.7
63rd Street Weather Station,08/31/2016,21.5,23.8,23.5,22.6
63rd Street Weather Station,08/30/2016,23.3,28.7,24.0,23.6
63rd Street Weather Station,08/29/2016,22.9,25.3,23.2,24.2
63rd Street Weather Station,08/28/2016,22.5,25.7,25.7,23.3
63rd Street Weather Station,08/27/2016,20.9,29.3,22.6,26.0
63rd Street Weather Station,08/26/2016,20.4,22.8,22.4,22.6
63rd Street Weather Station,08/25/2016,20.5,25.3,25.3,23.2
63rd Street Weather Station,08/24/2016,22.3,28.7,24.1,25.4
63rd Street Weather Station,08/23/2016,18.2,26.7,21.1,24.2
63rd Street Weather Station,08/22/2016,16.0,25.6,19.2,21.5
63rd Street Weather Station,08/21/2016,16.8,23.4,20.2,20.2
63rd Street Weather Station,08/20/2016,20.6,26.6,24.1,20.6
63rd Street Weather Station,08/19/2016,20.1,27.2,23.4,24.5
63rd Street Weather Station,08/18/2016,20.9,29.3,24.9,23.7
63rd Street Weather Station,08/17/2016,21.9,29.7,24.3,24.7
63rd Street Weather Station,08/16/2016,21.6,25.8,22.4,24.9
63rd Street Weather Station,08/15/2016,22.2,24.0,24.0,22.3
63rd Street Weather Station,08/14/2016,21.8,26.9,24.1,24.9
63rd Street Weather Station,08/13/2016,23.9,29.0,24.1,24.0
63rd Street Weather Station,08/12/2016,23.4,29.4,29.4,24.0
63rd Street Weather Station,08/11/2016,25.1,32.9,25.7,29.9
63rd Street Weather Station,08/10/2016,23.9,27.7,26.0,25.5
63rd Street Weather Station,08/09/2016,22.1,26.8,24.6,26.6
63rd Street Weather Station,08/08/2016,23.3,25.7,24.1,24.3
63rd Street Weather Station,08/07/2016,20.7,24.8,22.2,24.2
63rd Street Weather Station,08/06/2016,21.3,24.8,23.7,24.0
63rd Street Weather Station,08/05/2016,23.7,28.4,28.4,23.7
63rd Street Weather Station,08/04/2016,23.8,31.8,24.9,28.6
63rd Street Weather Station,08/03/2016,23.8,28.6,24.8,25.5
63rd Street Weather Station,08/02/2016,22.9,26.7,24.0,24.8
63rd Street Weather Station,08/01/2016,22.6,24.8,22.9,24.2
63rd Street Weather Station,07/31/2016,21.9,23.5,22.7,22.8
63rd Street Weather Station,07/30/2016,21.0,23.8,23.8,22.9
63rd Street Weather Station,07/29/2016,21.4,24.6,23.7,23.6
63rd Street Weather Station,07/28/2016,22.3,26.2,24.4,23.7
63rd Street Weather Station,07/27/2016,22.5,27.0,24.8,24.1
63rd Street Weather Station,07/26/2016,22.7,26.8,23.6,24.4
63rd Street Weather Station,07/25/2016,22.9,25.7,24.6,22.9
63rd Street Weather Station,07/24/2016,21.4,32.9,22.0,25.0
63rd Street Weather Station,07/23/2016,21.5,28.8,28.3,21.5
63rd Street Weather Station,07/22/2016,22.0,31.4,22.0,28.3
63rd Street Weather Station,07/21/2016,22.3,31.5,26.3,22.7
63rd Street Weather Station,07/20/2016,22.9,30.3,23.3,26.6
63rd Street Weather Station,07/19/2016,22.0,25.1,23.1,23.2
63rd Street Weather Station,07/18/2016,21.5,24.8,22.5,23.8
63rd Street Weather Station,07/17/2016,20.1,28.8,21.6,22.9
63rd Street Weather Station,07/16/2016,18.1,22.1,19.3,21.9
63rd Street Weather Station,07/15/2016,19.4,24.6,24.6,19.5
63rd Street Weather Station,07/14/2016,20.8,30.4,21.8,25.7
63rd Street Weather Station,07/13/2016,20.5,29.3,23.8,21.8
63rd Street Weather Station,07/12/2016,24.8,29.9,27.2,29.9
63rd Street Weather Station,07/11/2016,22.9,31.7,24.2,27.4
63rd Street Weather Station,07/10/2016,19.2,25.6,20.6,24.8
63rd Street Weather Station,07/09/2016,20.4,23.9,23.9,21.2
63rd Street Weather Station,07/08/2016,21.8,30.6,22.4,24.8
63rd Street Weather Station,07/07/2016,22.8,27.4,25.5,22.8
63rd Street Weather Station,07/06/2016,20.5,31.3,25.7,26.3
63rd Street Weather Station,07/05/2016,21.0,30.4,23.0,26.4
63rd Street Weather Station,07/04/2016,18.8,25.3,18.9,23.3
63rd Street Weather Station,07/03/2016,17.2,21.8,17.2,21.8
63rd Street Weather Station,07/02/2016,19.1,21.7,19.5,20.2
63rd Street Weather Station,07/01/2016,17.5,22.8,22.8,19.7
63rd Street Weather Station,06/30/2016,18.0,25.2,19.9,23.1
63rd Street Weather Station,06/29/2016,16.3,21.4,19.0,21.3
63rd Street Weather Station,06/28/2016,17.8,22.2,22.2,18.9
63rd Street Weather Station,06/27/2016,21.8,32.3,25.8,21.8
63rd Street Weather Station,06/26/2016,23.0,29.0,27.8,26.7
63rd Street Weather Station,06/25/2016,21.1,31.1,21.2,28.2
63rd Street Weather Station,06/24/2016,19.7,22.4,19.7,21.3
63rd Street Weather Station,06/23/2016,19.3,21.1,20.2,19.5
63rd Street Weather Station,06/22/2016,19.8,23.9,23.4,20.2
63rd Street Weather Station,06/21/2016,21.1,23.2,22.5,22.5
63rd Street Weather Station,06/20/2016,23.0,33.1,27.6,23.0
63rd Street Weather Station,06/19/2016,20.7,31.9,21.3,28.3
63rd Street Weather Station,06/18/2016,18.3,22.3,19.4,21.4
63rd Street Weather Station,06/17/2016,17.5,20.2,17.8,19.1
63rd Street Weather Station,06/16/2016,17.3,29.1,29.1,18.0
63rd Street Weather Station,06/15/2016,20.7,31.5,24.8,29.7
63rd Street Weather Station,06/14/2016,18.2,27.0,19.9,25.4
63rd Street Weather Station,06/13/2016,15.5,22.0,16.0,19.2
63rd Street Weather Station,06/12/2016,16.3,28.6,28.6,16.4
63rd Street Weather Station,06/11/2016,24.8,33.0,29.2,29.4
63rd Street Weather Station,06/10/2016,17.4,33.6,17.4,29.6
63rd Street Weather Station,06/09/2016,15.1,21.5,16.1,17.5
63rd Street Weather Station,06/08/2016,13.0,15.8,13.9,15.8
63rd Street Weather Station,06/07/2016,14.3,17.6,16.5,14.4
63rd Street Weather Station,06/06/2016,17.0,28.6,18.1,21.2
63rd Street Weather Station,06/05/2016,16.5,26.5,19.7,16.5
63rd Street Weather Station,06/04/2016,19.2,23.2,21.3,19.9
63rd Street Weather Station,06/03/2016,16.3,21.7,17.1,20.5
63rd Street Weather Station,06/02/2016,17.0,25.3,22.3,17.0
63rd Street Weather Station,06/01/2016,15.9,25.5,16.8,22.5
63rd Street Weather Station,05/31/2016,16.3,21.2,17.2,16.6
63rd Street Weather Station,05/30/2016,18.3,25.0,23.2,18.3
63rd Street Weather Station,05/29/2016,19.0,27.0,23.8,23.7
63rd Street Weather Station,05/28/2016,21.4,28.1,21.6,24.8
63rd Street Weather Station,05/27/2016,19.4,27.6,24.1,21.5
63rd Street Weather Station,05/26/2016,16.4,29.0,16.4,25.2
63rd Street Weather Station,05/25/2016,16.6,25.9,24.7,16.6
63rd Street Weather Station,05/24/2016,18.3,30.8,21.2,25.8
63rd Street Weather Station,05/23/2016,13.2,21.8,13.2,21.8
63rd Street Weather Station,05/22/2016,11.8,20.1,13.4,12.6
63rd Street Weather Station,05/21/2016,12.8,18.2,13.5,13.5
63rd Street Weather Station,05/20/2016,12.2,13.7,12.3,12.2
63rd Street Weather Station,05/19/2016,11.3,14.2,11.5,12.2
63rd Street Weather Station,05/09/2016,11.2,14.6,11.6,12.0
63rd Street Weather Station,05/08/2016,8.9,18.2,11.0,11.6
63rd Street Weather Station,05/07/2016,10.1,23.0,23.0,11.6
63rd Street Weather Station,05/06/2016,8.5,28.2,9.2,22.8
63rd Street Weather Station,05/05/2016,6.0,9.4,7.0,9.4
63rd Street Weather Station,05/04/2016,7.0,16.1,16.1,7.0
63rd Street Weather Station,05/03/2016,7.0,19.2,8.2,16.8
63rd Street Weather Station,05/02/2016,7.1,9.5,7.7,8.6
63rd Street Weather Station,05/01/2016,6.9,8.0,7.4,8.0
63rd Street Weather Station,04/30/2016,6.5,8.7,6.5,7.3
63rd Street Weather Station,04/29/2016,5.9,7.5,7.1,6.5
63rd Street Weather Station,04/28/2016,7.1,9.8,9.8,7.2
63rd Street Weather Station,04/27/2016,6.4,10.1,7.4,9.4
63rd Street Weather Station,04/26/2016,5.9,23.9,23.9,7.6
63rd Street Weather Station,04/25/2016,17.1,28.2,20.4,24.1
63rd Street Weather Station,04/24/2016,7.7,23.6,7.7,21.1
63rd Street Weather Station,04/23/2016,6.3,9.1,6.5,7.9
63rd Street Weather Station,04/22/2016,5.4,14.6,13.3,6.6
63rd Street Weather Station,04/21/2016,13.4,17.6,15.1,13.6
63rd Street Weather Station,04/20/2016,9.6,20.5,9.7,15.4
63rd Street Weather Station,04/19/2016,7.0,11.7,11.7,9.9
63rd Street Weather Station,04/18/2016,13.9,16.2,16.2,15.8
63rd Street Weather Station,04/17/2016,10.9,12.5,11.5,11.8
63rd Street Weather Station,04/16/2016,8.3,11.4,8.5,10.8
63rd Street Weather Station,04/15/2016,7.0,9.5,9.5,8.7
63rd Street Weather Station,04/14/2016,5.8,9.1,7.4,7.7
63rd Street Weather Station,04/13/2016,4.5,9.4,4.5,7.4
63rd Street Weather Station,04/12/2016,2.9,5.6,5.6,4.5
63rd Street Weather Station,04/11/2016,5.7,11.3,11.1,5.7
63rd Street Weather Station,04/10/2016,1.1,11.1,1.3,11.1
63rd Street Weather Station,04/04/2016,2.5,4.6,4.6,2.5
63rd Street Weather Station,04/03/2016,-0.3,22.6,0.1,4.6
63rd Street Weather Station,04/02/2016,0.4,4.6,4.6,0.8
63rd Street Weather Station,04/01/2016,4.2,10.0,5.7,5.1
63rd Street Weather Station,03/31/2016,6.8,19.3,15.1,9.2
63rd Street Weather Station,03/30/2016,8.0,16.2,9.7,15.0
63rd Street Weather Station,03/29/2016,4.1,8.0,4.9,7.6
63rd Street Weather Station,03/28/2016,4.8,7.9,7.7,4.8
63rd Street Weather Station,03/27/2016,6.8,18.6,6.8,7.5
63rd Street Weather Station,03/26/2016,2.7,6.3,4.5,6.3
63rd Street Weather Station,03/25/2016,0.2,4.4,0.6,4.3
63rd Street Weather Station,03/24/2016,0.8,6.1,4.7,0.8
63rd Street Weather Station,03/23/2016,4.4,6.4,6.4,5.1
63rd Street Weather Station,03/22/2016,7.5,19.2,8.1,9.1
63rd Street Weather Station,03/21/2016,2.1,7.9,3.0,7.9
63rd Street Weather Station,03/20/2016,2.5,3.6,3.5,3.1
63rd Street Weather Station,03/19/2016,2.9,4.9,3.2,3.5
63rd Street Weather Station,03/18/2016,2.7,8.7,8.7,3.3
63rd Street Weather Station,03/17/2016,7.4,13.5,10.3,9.6
63rd Street Weather Station,03/16/2016,9.7,15.4,10.9,10.8
63rd Street Weather Station,03/15/2016,5.0,12.7,5.6,12.7
63rd Street Weather Station,03/14/2016,4.6,8.4,7.3,5.1
63rd Street Weather Station,03/13/2016,5.1,7.0,6.0,7.0
63rd Street Weather Station,03/12/2016,3.3,8.9,5.5,6.5
63rd Street Weather Station,03/11/2016,3.5,4.9,4.4,4.9
63rd Street Weather Station,03/10/2016,4.2,8.0,8.0,4.6
63rd Street Weather Station,03/09/2016,14.2,19.0,18.0,14.2
63rd Street Weather Station,03/08/2016,15.2,21.8,15.6,17.7
63rd Street Weather Station,03/07/2016,9.4,16.7,9.4,15.9
63rd Street Weather Station,03/06/2016,2.3,11.3,2.8,9.1
63rd Street Weather Station,03/05/2016,-1.3,3.6,-1.3,2.7
63rd Street Weather Station,03/04/2016,-2.4,2.3,0.4,-1.6
63rd Street Weather Station,03/03/2016,-1.3,0.7,0.1,0.5
63rd Street Weather Station,03/02/2016,-7.8,0.7,-5.5,0.0
63rd Street Weather Station,03/01/2016,-5.5,1.1,-0.6,-5.2
63rd Street Weather Station,02/29/2016,-0.3,11.7,3.6,-0.3
63rd Street Weather Station,02/28/2016,3.8,17.1,8.0,3.8
63rd Street Weather Station,02/27/2016,-1.1,12.3,-0.3,8.8
63rd Street Weather Station,02/26/2016,-0.8,1.4,0.8,0.1
63rd Street Weather Station,02/25/2016,0.4,1.9,1.3,0.8
63rd Street Weather Station,02/24/2016,0.3,3.3,3.3,0.8
63rd Street Weather Station,02/23/2016,0.7,3.3,1.6,3.3
63rd Street Weather Station,02/22/2016,1.2,2.7,1.2,1.8
63rd Street Weather Station,02/21/2016,2.2,3.9,3.9,2.2
63rd Street Weather Station,02/20/2016,7.1,16.0,9.7,7.1
63rd Street Weather Station,02/19/2016,5.6,17.8,5.6,10.0
63rd Street Weather Station,02/18/2016,-2.5,5.4,-0.9,5.2
63rd Street Weather Station,02/17/2016,-2.4,-0.1,-0.8,-0.9
63rd Street Weather Station,02/16/2016,-2.3,0.1,-2.0,-0.6
63rd Street Weather Station,02/15/2016,-6.9,-1.2,-6.9,-2.2
63rd Street Weather Station,02/14/2016,-9.9,-6.7,-9.7,-6.9
63rd Street Weather Station,02/13/2016,-14.4,-7.7,-12.0,-9.4
63rd Street Weather Station,02/12/2016,-11.4,-4.9,-6.2,-11.4
63rd Street Weather Station,02/11/2016,-11.2,-5.6,-9.7,-6.3
63rd Street Weather Station,02/10/2016,-10.8,-7.0,-8.6,-9.7
63rd Street Weather Station,02/09/2016,-8.6,-6.6,-7.5,-8.6
63rd Street Weather Station,02/08/2016,-1.6,0.0,0.0,-1.5
63rd Street Weather Station,02/07/2016,2.9,4.4,2.9,4.4
63rd Street Weather Station,02/06/2016,-2.3,5.8,-1.5,3.0
63rd Street Weather Station,02/05/2016,-1.3,0.2,-1.2,-0.9
63rd Street Weather Station,02/04/2016,-5.3,0.4,-1.1,-0.9
63rd Street Weather Station,02/03/2016,-0.6,4.3,3.8,-0.6
63rd Street Weather Station,02/02/2016,1.3,3.5,1.6,3.3
63rd Street Weather Station,02/01/2016,1.5,6.4,2.7,1.7
63rd Street Weather Station,01/31/2016,3.2,10.1,6.5,3.2
63rd Street Weather Station,01/30/2016,3.2,9.7,3.2,7.4
63rd Street Weather Station,01/29/2016,-3.3,3.0,-0.3,3.0
63rd Street Weather Station,01/28/2016,0.1,4.9,1.3,0.1
63rd Street Weather Station,01/27/2016,-3.1,1.4,-2.4,1.1
63rd Street Weather Station,01/26/2016,-2.1,4.6,4.6,-2.1
63rd Street Weather Station,01/25/2016,-0.5,6.6,0.5,6.6
63rd Street Weather Station,01/24/2016,-3.2,2.7,-2.4,0.7
63rd Street Weather Station,01/23/2016,-1.6,0.3,0.1,-1.6
63rd Street Weather Station,01/22/2016,-2.5,0.5,-2.4,0.2
63rd Street Weather Station,01/21/2016,-7.6,-2.4,-6.9,-3.4
63rd Street Weather Station,01/20/2016,-8.7,-4.5,-7.5,-6.7
63rd Street Weather Station,01/19/2016,-15.6,-7.5,-14.6,-7.5
63rd Street Weather Station,01/18/2016,-18.4,-12.5,-16.9,-14.4
63rd Street Weather Station,01/17/2016,-16.6,-13.9,-14.2,-16.6
63rd Street Weather Station,01/16/2016,-2.5,0.6,0.6,-2.5
63rd Street Weather Station,01/15/2016,0.7,7.1,7.1,0.8
63rd Street Weather Station,01/14/2016,-1.6,8.3,-1.1,7.7
63rd Street Weather Station,01/13/2016,-15.6,-1.6,-14.1,-1.6
63rd Street Weather Station,01/12/2016,-13.6,-4.4,-4.4,-13.6
63rd Street Weather Station,01/11/2016,-16.1,-3.1,-15.1,-3.3
63rd Street Weather Station,01/10/2016,-14.5,-3.1,-3.1,-14.5
63rd Street Weather Station,01/09/2016,-0.2,7.5,7.5,-0.2
63rd Street Weather Station,01/08/2016,3.7,7.9,5.5,7.6
63rd Street Weather Station,01/07/2016,4.2,6.3,4.4,5.8
63rd Street Weather Station,01/06/2016,-3.0,4.4,-1.8,3.4
63rd Street Weather Station,01/05/2016,-5.5,1.3,-3.4,-1.5
63rd Street Weather Station,01/04/2016,-2.7,0.4,-1.6,-1.8
63rd Street Weather Station,01/03/2016,-3.1,0.7,-2.2,-1.6
63rd Street Weather Station,01/02/2016,-4.6,1.2,-0.9,-0.8
63rd Street Weather Station,01/01/2016,-6.3,-0.3,-2.8,-0.3
Foster Weather Station,12/31/2016,-1.56,5.17,3.0,-1.56
Foster Weather Station,12/30/2016,-3.5,3.17,0.06,3.17
Foster Weather Station,12/29/2016,-0.17,2.0,2.0,0.39
Foster Weather Station,12/28/2016,-2.67,6.67,-2.56,2.5
Foster Weather Station,12/27/2016,-3.28,-1.39,-1.39,-2.39
Foster Weather Station,12/26/2016,-1.0,12.5,2.39,-1.0
Foster Weather Station,12/25/2016,0.39,2.0,0.78,2.0
Foster Weather Station,12/24/2016,1.17,2.5,1.78,1.5
Foster Weather Station,12/23/2016,-0.67,2.67,-0.67,1.78
Foster Weather Station,12/22/2016,-1.17,4.17,0.78,-1.17
Foster Weather Station,12/21/2016,-4.17,2.67,-3.78,1.0
Foster Weather Station,12/20/2016,-8.89,-1.39,-8.89,-3.28
Foster Weather Station,12/19/2016,-19.78,-9.28,-19.39,-9.28
Foster Weather Station,12/18/2016,-19.17,-8.89,-8.89,-19.17
Foster Weather Station,12/17/2016,-7.06,-4.28,-5.39,-6.17
Foster Weather Station,12/16/2016,-8.89,-5.56,-8.89,-5.56
Foster Weather Station,12/15/2016,-17.67,-12.28,-15.39,-12.28
Foster Weather Station,12/14/2016,-15.0,-6.67,-13.78,-15.0
Foster Weather Station,12/13/2016,-13.39,-4.56,-6.78,-13.39
Foster Weather Station,12/12/2016,-8.39,0.78,0.78,-6.89
Foster Weather Station,12/11/2016,-3.67,0.89,-3.67,0.89
Foster Weather Station,12/10/2016,-6.89,-4.0,-6.06,-4.56
Foster Weather Station,12/09/2016,-6.0,-3.17,-5.06,-6.0
Foster Weather Station,12/08/2016,-8.06,-4.28,-4.5,-4.78
Foster Weather Station,12/07/2016,-5.28,-1.17,-2.39,-4.5
Foster Weather Station,12/06/2016,-2.06,4.78,3.28,-2.06
Foster Weather Station,12/05/2016,0.28,2.78,0.5,2.78
Foster Weather Station,12/04/2016,0.06,2.28,0.78,0.56
Foster Weather Station,12/03/2016,0.17,1.56,1.56,1.0
Foster Weather Station,12/02/2016,1.89,4.0,3.39,1.89
Foster Weather Station,12/01/2016,2.56,4.78,3.06,3.5
Foster Weather Station,11/30/2016,2.89,8.56,8.56,2.89
Foster Weather Station,11/29/2016,7.56,13.78,11.28,9.28
Foster Weather Station,11/28/2016,5.5,11.06,6.28,10.28
Foster Weather Station,11/27/2016,2.17,7.17,4.28,7.17
Foster Weather Station,11/26/2016,1.28,7.78,2.39,5.0
Foster Weather Station,11/25/2016,2.5,5.28,2.5,2.78
Foster Weather Station,11/24/2016,2.56,6.67,6.67,2.67
Foster Weather Station,11/23/2016,4.28,7.06,5.06,7.0
Foster Weather Station,11/22/2016,2.67,5.17,3.5,5.17
Foster Weather Station,11/21/2016,-2.17,3.39,-1.5,3.39
Foster Weather Station,11/20/2016,-3.78,0.56,-1.78,-1.5
Foster Weather Station,11/19/2016,-0.56,4.56,4.56,-0.56
Foster Weather Station,11/18/2016,4.78,19.0,19.0,4.78
Foster Weather Station,11/17/2016,10.78,22.67,11.5,19.56
Foster Weather Station,11/16/2016,7.28,11.17,9.78,11.0
Foster Weather Station,11/15/2016,6.89,10.89,10.89,10.06
Foster Weather Station,11/14/2016,6.17,15.5,9.06,11.67
Foster Weather Station,11/13/2016,4.0,13.56,6.39,8.78
Foster Weather Station,11/12/2016,4.0,11.28,8.0,7.56
Foster Weather Station,11/11/2016,8.06,13.28,13.0,8.17
Foster Weather Station,11/10/2016,6.67,17.5,8.89,13.28
Foster Weather Station,11/09/2016,6.39,12.78,10.89,9.39
Foster Weather Station,11/08/2016,11.17,16.0,14.78,11.17
Foster Weather Station,11/07/2016,12.78,18.06,15.17,15.17
Foster Weather Station,11/06/2016,10.56,17.17,13.67,15.78
Foster Weather Station,11/05/2016,9.89,20.39,11.78,14.17
Foster Weather Station,11/04/2016,11.17,13.06,12.28,12.39
Foster Weather Station,11/03/2016,10.17,13.06,12.67,12.67
Foster Weather Station,11/02/2016,12.89,19.39,16.67,12.89
Foster Weather Station,11/01/2016,16.06,24.39,16.06,21.17
Foster Weather Station,10/31/2016,8.56,15.56,9.78,15.56
Foster Weather Station,10/30/2016,10.0,13.39,13.39,10.0
Foster Weather Station,10/29/2016,13.5,21.56,18.39,13.5
Foster Weather Station,10/28/2016,6.67,17.67,8.06,17.67
Foster Weather Station,10/27/2016,6.89,10.56,10.17,8.89
Foster Weather Station,10/26/2016,8.67,11.39,11.39,10.5
Foster Weather Station,10/25/2016,9.28,11.56,10.78,11.5
Foster Weather Station,10/24/2016,8.28,13.06,13.06,10.56
Foster Weather Station,10/23/2016,9.67,22.5,12.06,13.06
Foster Weather Station,10/22/2016,5.0,15.39,6.89,12.39
Foster Weather Station,10/21/2016,7.0,9.56,9.28,7.0
Foster Weather Station,10/20/2016,10.0,15.0,14.5,10.0
Foster Weather Station,10/19/2016,13.67,17.17,17.0,15.39
Foster Weather Station,10/18/2016,16.06,24.5,24.5,16.89
Foster Weather Station,10/17/2016,17.06,28.28,17.06,24.89
Foster Weather Station,10/16/2016,17.5,22.0,21.0,17.67
Foster Weather Station,10/15/2016,13.0,21.39,14.89,21.28
Foster Weather Station,10/14/2016,8.28,17.78,9.56,15.39
Foster Weather Station,10/13/2016,5.67,11.5,8.39,10.0
Foster Weather Station,10/12/2016,8.39,20.17,19.39,8.39
Foster Weather Station,10/11/2016,16.06,22.89,17.06,19.56
Foster Weather Station,10/10/2016,12.78,17.5,15.17,17.06
Foster Weather Station,10/09/2016,12.28,15.39,14.17,15.28
Foster Weather Station,10/08/2016,7.0,14.17,10.89,14.17
Foster Weather Station,10/07/2016,11.28,22.39,22.28,11.28
Foster Weather Station,10/06/2016,17.28,22.78,18.0,22.78
Foster Weather Station,10/05/2016,17.56,27.17,17.78,20.06
Foster Weather Station,10/04/2016,16.39,19.89,16.5,18.17
Foster Weather Station,10/03/2016,14.89,17.0,15.78,16.39
Foster Weather Station,10/02/2016,14.17,17.28,14.89,15.78
Foster Weather Station,10/01/2016,15.56,16.56,16.39,15.67
Foster Weather Station,09/30/2016,15.67,17.06,16.06,16.67
Foster Weather Station,09/29/2016,15.5,17.28,16.78,15.78
Foster Weather Station,09/28/2016,10.78,16.67,13.28,16.67
Foster Weather Station,09/27/2016,12.78,20.28,15.89,13.89
Foster Weather Station,09/26/2016,15.67,20.56,19.78,16.89
Foster Weather Station,09/25/2016,18.5,28.28,20.67,20.89
Foster Weather Station,09/24/2016,18.56,20.89,19.67,20.78
Foster Weather Station,09/23/2016,18.78,21.28,21.28,19.89
Foster Weather Station,09/22/2016,18.39,27.56,21.0,21.89
Foster Weather Station,09/21/2016,19.0,26.06,21.06,22.67
Foster Weather Station,09/20/2016,19.0,24.56,20.0,20.5
Foster Weather Station,09/19/2016,19.06,30.39,21.17,20.0
Foster Weather Station,09/18/2016,17.5,21.89,21.17,19.89
Foster Weather Station,09/17/2016,20.06,27.0,24.0,21.78
Foster Weather Station,09/16/2016,19.5,27.5,21.17,24.28
Foster Weather Station,09/15/2016,19.28,22.17,20.78,21.17
Foster Weather Station,09/14/2016,18.39,20.89,20.39,20.78
Foster Weather Station,09/13/2016,19.67,28.78,22.0,20.56
Foster Weather Station,09/12/2016,17.28,26.06,20.78,22.56
Foster Weather Station,09/11/2016,15.06,23.06,17.39,21.17
Foster Weather Station,09/10/2016,18.0,22.17,21.56,18.0
Foster Weather Station,09/09/2016,21.0,26.17,24.5,22.78
Foster Weather Station,09/08/2016,22.06,27.78,25.5,25.17
Foster Weather Station,09/07/2016,25.39,31.89,28.56,26.0
Foster Weather Station,09/06/2016,24.78,32.78,27.56,29.39
Foster Weather Station,09/05/2016,21.28,31.06,21.78,27.89
Foster Weather Station,09/04/2016,18.78,23.17,20.78,21.5
Foster Weather Station,09/03/2016,18.78,21.0,21.0,20.67
Foster Weather Station,09/02/2016,19.28,21.06,20.56,21.06
Foster Weather Station,09/01/2016,18.78,21.39,21.39,20.5
Foster Weather Station,08/31/2016,20.28,23.17,23.17,21.5
Foster Weather Station,08/30/2016,21.56,25.67,23.28,22.78
Foster Weather Station,08/29/2016,21.89,24.56,22.17,23.67
Foster Weather Station,08/28/2016,21.06,25.78,25.78,22.06
Foster Weather Station,08/27/2016,20.39,29.17,21.17,26.0
Foster Weather Station,08/26/2016,19.5,22.78,22.56,21.28
Foster Weather Station,08/25/2016,20.67,25.67,25.67,23.0
Foster Weather Station,08/24/2016,22.0,29.17,24.06,26.06
Foster Weather Station,08/23/2016,19.5,26.67,21.78,24.17
Foster Weather Station,08/22/2016,16.5,25.5,18.89,22.28
Foster Weather Station,08/21/2016,16.17,23.39,19.39,19.56
Foster Weather Station,08/20/2016,20.0,26.17,24.67,20.0
Foster Weather Station,08/19/2016,20.67,26.56,23.5,25.0
Foster Weather Station,08/18/2016,21.17,30.0,23.89,24.56
Foster Weather Station,08/17/2016,22.5,30.06,25.28,24.0
Foster Weather Station,08/16/2016,21.56,25.5,22.39,25.5
Foster Weather Station,08/15/2016,22.06,24.06,24.06,22.5
Foster Weather Station,08/14/2016,21.5,26.17,24.17,24.06
Foster Weather Station,08/13/2016,23.28,28.17,23.28,24.78
Foster Weather Station,08/12/2016,23.17,29.5,29.5,23.5
Foster Weather Station,08/11/2016,25.0,33.28,25.0,30.0
Foster Weather Station,08/10/2016,23.89,27.67,26.78,24.89
Foster Weather Station,08/09/2016,22.39,25.89,24.0,24.89
Foster Weather Station,08/08/2016,23.0,25.0,23.39,24.17
Foster Weather Station,08/07/2016,20.39,25.89,22.67,23.5
Foster Weather Station,08/06/2016,20.0,24.78,23.56,23.17
Foster Weather Station,08/05/2016,23.17,27.39,27.39,23.67
Foster Weather Station,08/04/2016,23.78,29.5,25.0,28.78
Foster Weather Station,08/03/2016,22.67,28.5,23.89,25.0
Foster Weather Station,08/02/2016,22.39,26.17,22.67,24.06
Foster Weather Station,08/01/2016,21.06,23.89,21.28,22.67
Foster Weather Station,07/31/2016,20.28,23.67,21.78,21.67
Foster Weather Station,07/30/2016,20.56,22.89,22.89,21.67
Foster Weather Station,07/29/2016,20.89,23.89,20.89,22.67
Foster Weather Station,07/28/2016,21.56,25.17,23.28,22.56
Foster Weather Station,07/27/2016,20.89,27.06,24.17,23.5
Foster Weather Station,07/26/2016,21.0,26.67,23.0,24.0
Foster Weather Station,07/25/2016,22.5,25.06,24.89,23.17
Foster Weather Station,07/24/2016,20.89,33.0,20.89,24.78
Foster Weather Station,07/23/2016,20.78,29.06,29.0,20.78
Foster Weather Station,07/22/2016,21.56,30.67,21.56,28.5
Foster Weather Station,07/21/2016,21.17,31.5,26.89,21.89
Foster Weather Station,07/20/2016,21.78,30.5,22.0,27.06
Foster Weather Station,07/19/2016,21.0,24.06,24.06,22.67
Foster Weather Station,07/18/2016,21.78,24.56,22.56,23.5
Foster Weather Station,07/17/2016,20.39,28.5,21.17,26.67
Foster Weather Station,07/16/2016,17.06,21.39,18.78,21.0
Foster Weather Station,07/15/2016,17.78,24.39,24.39,18.67
Foster Weather Station,07/14/2016,20.28,30.17,21.5,25.17
Foster Weather Station,07/13/2016,21.78,29.17,24.28,22.67
Foster Weather Station,07/12/2016,24.67,30.78,27.06,30.78
Foster Weather Station,07/11/2016,22.89,32.0,24.06,27.67
Foster Weather Station,07/10/2016,19.28,24.56,20.56,24.56
Foster Weather Station,07/09/2016,19.28,22.78,22.78,20.56
Foster Weather Station,07/08/2016,20.56,30.0,21.06,23.67
Foster Weather Station,07/07/2016,21.17,26.56,24.56,21.17
Foster Weather Station,07/06/2016,20.5,29.67,26.39,26.39
Foster Weather Station,07/05/2016,20.78,28.39,22.39,27.28
Foster Weather Station,07/04/2016,18.56,22.39,18.56,21.06
Foster Weather Station,07/03/2016,17.67,21.39,18.06,21.28
Foster Weather Station,07/02/2016,17.67,21.28,17.67,19.56
Foster Weather Station,07/01/2016,17.17,19.5,19.5,19.06
Foster Weather Station,06/30/2016,18.56,25.17,19.89,22.67
Foster Weather Station,06/29/2016,15.28,20.56,17.67,20.0
Foster Weather Station,06/28/2016,16.39,21.06,21.06,17.67
Foster Weather Station,06/27/2016,20.78,31.39,26.28,21.0
Foster Weather Station,06/26/2016,21.28,29.28,28.28,27.17
Foster Weather Station,06/25/2016,20.39,30.17,20.5,28.56
Foster Weather Station,06/24/2016,18.56,21.67,19.0,20.56
Foster Weather Station,06/23/2016,18.06,19.89,19.56,18.78
Foster Weather Station,06/22/2016,19.56,24.39,24.06,19.67
Foster Weather Station,06/21/2016,19.56,24.28,24.28,23.56
Foster Weather Station,06/20/2016,22.0,33.56,28.17,22.5
Foster Weather Station,06/19/2016,19.89,31.67,21.17,28.67
Foster Weather Station,06/18/2016,18.17,21.78,18.56,20.56
Foster Weather Station,06/17/2016,16.5,18.78,17.28,18.17
Foster Weather Station,06/16/2016,16.17,21.89,21.89,17.17
Foster Weather Station,06/15/2016,20.28,29.78,20.89,29.28
Foster Weather Station,06/14/2016,17.17,22.28,17.89,20.67
Foster Weather Station,06/13/2016,14.78,19.89,15.56,18.28
Foster Weather Station,06/12/2016,15.39,28.17,28.17,15.78
Foster Weather Station,06/11/2016,20.39,33.0,28.17,29.06
Foster Weather Station,06/10/2016,16.28,33.39,16.5,29.56
Foster Weather Station,06/09/2016,14.56,21.17,14.56,16.78
Foster Weather Station,06/08/2016,12.89,15.0,14.39,14.28
Foster Weather Station,06/07/2016,13.56,16.39,15.17,13.56
Foster Weather Station,06/06/2016,15.5,27.17,19.67,15.5
Foster Weather Station,06/05/2016,17.17,26.39,20.06,19.0
Foster Weather Station,06/04/2016,19.06,23.39,20.56,19.06
Foster Weather Station,06/03/2016,15.5,21.67,16.28,20.0
Foster Weather Station,06/02/2016,16.0,25.06,21.67,16.0
Foster Weather Station,06/01/2016,15.28,24.17,16.0,22.78
Foster Weather Station,05/31/2016,15.5,20.17,16.89,15.5
Foster Weather Station,05/30/2016,16.17,23.5,22.67,16.17
Foster Weather Station,05/29/2016,19.0,26.28,21.39,23.5
Foster Weather Station,05/28/2016,17.0,27.67,21.06,22.06
Foster Weather Station,05/27/2016,17.56,25.0,25.0,21.39
Foster Weather Station,05/26/2016,15.06,28.5,16.0,19.39
Foster Weather Station,05/25/2016,15.17,25.06,25.06,16.17
Foster Weather Station,05/24/2016,19.0,30.39,21.0,26.0
Foster Weather Station,05/23/2016,12.67,19.39,12.67,17.67
Foster Weather Station,05/22/2016,11.67,19.39,16.56,11.67
Foster Weather Station,05/21/2016,13.5,17.5,13.5,15.17
Foster Weather Station,05/20/2016,11.17,12.89,11.78,11.28
Foster Weather Station,05/19/2016,10.56,14.0,11.17,11.67
Foster Weather Station,05/09/2016,9.78,12.5,11.5,10.56
Foster Weather Station,05/08/2016,8.0,17.06,9.5,10.17
Foster Weather Station,05/07/2016,8.78,23.06,23.06,10.89
Foster Weather Station,05/06/2016,9.06,28.06,9.06,23.28
Foster Weather Station,05/05/2016,5.17,8.78,6.06,8.5
Foster Weather Station,05/04/2016,6.0,16.06,16.06,6.06
Foster Weather Station,05/03/2016,7.17,18.89,8.06,16.28
Foster Weather Station,05/02/2016,6.56,8.39,6.78,8.39
Foster Weather Station,05/01/2016,5.89,7.39,6.78,7.17
Foster Weather Station,04/30/2016,5.67,7.67,5.67,6.78
Foster Weather Station,04/29/2016,4.89,5.89,5.89,5.56
Foster Weather Station,04/28/2016,5.78,8.67,8.67,5.89
Foster Weather Station,04/27/2016,5.17,8.28,6.06,8.28
Foster Weather Station,04/26/2016,4.78,21.5,21.5,6.17
Foster Weather Station,04/25/2016,13.06,26.28,20.67,21.28
Foster Weather Station,04/24/2016,6.78,21.67,6.78,21.06
Foster Weather Station,04/23/2016,5.39,7.67,5.67,7.0
Foster Weather Station,04/22/2016,4.28,13.89,12.06,5.78
Foster Weather Station,04/21/2016,10.28,15.39,12.39,14.39
Foster Weather Station,04/20/2016,8.0,17.28,8.39,15.17
Foster Weather Station,04/19/2016,5.67,9.67,7.89,8.78
Foster Weather Station,04/18/2016,9.28,16.06,12.78,13.67
Foster Weather Station,04/17/2016,8.17,11.67,9.17,11.5
Foster Weather Station,04/16/2016,7.28,10.06,7.5,9.06
Foster Weather Station,04/15/2016,6.06,9.17,6.67,7.78
Foster Weather Station,04/14/2016,4.78,7.17,6.67,6.67
Foster Weather Station,04/13/2016,3.56,6.89,3.56,6.89
Foster Weather Station,04/12/2016,1.56,4.5,4.5,3.5
Foster Weather Station,04/11/2016,4.89,10.5,10.5,4.89
Foster Weather Station,04/10/2016,1.17,10.39,1.17,10.39
Foster Weather Station,04/09/2016,-4.89,1.17,-0.78,1.17
Foster Weather Station,04/08/2016,-1.67,4.17,4.17,0.06
Foster Weather Station,04/07/2016,1.06,7.28,7.28,4.28
Foster Weather Station,04/06/2016,6.17,10.0,6.56,7.78
Foster Weather Station,04/05/2016,-0.17,6.78,-0.06,6.28
Foster Weather Station,04/04/2016,-0.5,3.39,3.39,-0.06
Foster Weather Station,04/03/2016,-0.5,22.0,-0.5,3.56
Foster Weather Station,04/02/2016,-0.17,3.89,3.89,-0.17
Foster Weather Station,04/01/2016,3.78,9.17,4.67,4.28
Foster Weather Station,03/31/2016,4.67,19.78,14.67,4.67
Foster Weather Station,03/30/2016,6.06,16.17,6.56,14.67
Foster Weather Station,03/29/2016,3.5,7.89,4.89,7.06
Foster Weather Station,03/28/2016,4.06,7.17,7.0,4.39
Foster Weather Station,03/27/2016,5.06,13.78,5.06,6.67
Foster Weather Station,03/26/2016,3.17,5.56,3.5,5.5
Foster Weather Station,03/25/2016,-0.67,3.39,-0.67,3.39
Foster Weather Station,03/24/2016,-0.06,4.39,3.5,-0.06
Foster Weather Station,03/23/2016,3.39,4.28,4.28,3.67
Foster Weather Station,03/22/2016,7.17,18.28,7.89,7.17
Foster Weather Station,03/21/2016,0.89,7.56,3.0,7.56
Foster Weather Station,03/20/2016,1.0,2.67,2.67,2.28
Foster Weather Station,03/19/2016,2.06,3.28,2.5,2.56
Foster Weather Station,03/18/2016,1.67,8.67,8.67,2.67
Foster Weather Station,03/17/2016,6.89,12.56,9.39,9.17
Foster Weather Station,03/16/2016,8.56,13.39,8.56,10.06
Foster Weather Station,03/15/2016,4.56,9.06,4.89,9.06
Foster Weather Station,03/14/2016,4.5,6.0,4.78,4.78
Foster Weather Station,03/13/2016,4.5,5.56,5.56,4.78
Foster Weather Station,03/12/2016,3.06,6.89,5.89,5.56
Foster Weather Station,03/11/2016,3.0,4.56,3.78,4.56
Foster Weather Station,03/10/2016,3.0,7.39,7.39,3.89
Foster Weather Station,03/09/2016,11.67,17.67,17.06,11.67
Foster Weather Station,03/08/2016,14.89,21.06,15.39,17.0
Foster Weather Station,03/07/2016,8.89,16.28,8.89,15.67
Foster Weather Station,03/06/2016,1.78,10.78,2.39,9.17
Foster Weather Station,03/05/2016,-1.28,3.17,-1.28,2.06
Foster Weather Station,03/04/2016,-3.5,1.39,-0.28,-1.67
Foster Weather Station,03/03/2016,-1.78,-0.17,-1.28,-0.17
Foster Weather Station,03/02/2016,-9.17,0.0,-6.89,0.0
Foster Weather Station,03/01/2016,-6.78,-0.56,-2.0,-6.78
Foster Weather Station,02/29/2016,-1.89,10.78,2.56,-1.89
Foster Weather Station,02/28/2016,2.89,17.17,8.5,2.89
Foster Weather Station,02/27/2016,-0.67,12.5,-0.17,9.28
Foster Weather Station,02/26/2016,-1.67,0.67,0.17,0.0
Foster Weather Station,02/25/2016,-0.28,1.28,1.17,0.06
Foster Weather Station,02/24/2016,0.28,2.5,2.5,0.67
Foster Weather Station,02/23/2016,0.39,2.67,1.28,2.56
Foster Weather Station,02/22/2016,0.78,1.89,0.89,1.5
Foster Weather Station,02/21/2016,1.39,3.56,3.56,1.39
Foster Weather Station,02/20/2016,7.5,14.5,9.5,7.5
Foster Weather Station,02/19/2016,5.78,17.0,5.78,10.67
Foster Weather Station,02/18/2016,-3.06,5.06,-1.78,5.06
Foster Weather Station,02/17/2016,-4.0,-0.5,-1.06,-2.0
Foster Weather Station,02/16/2016,-3.5,-0.06,-2.78,-1.06
Foster Weather Station,02/15/2016,-7.28,-1.89,-7.17,-2.67
Foster Weather Station,02/14/2016,-10.39,-7.17,-9.28,-7.39
Foster Weather Station,02/13/2016,-16.17,-8.89,-13.89,-10.0
Foster Weather Station,02/12/2016,-13.0,-6.06,-6.5,-13.0
Foster Weather Station,02/11/2016,-13.28,-6.17,-11.06,-6.67
Foster Weather Station,02/10/2016,-12.17,-8.39,-9.56,-11.0
Foster Weather Station,02/09/2016,-9.56,-7.67,-9.17,-9.56
Foster Weather Station,02/08/2016,-2.39,-0.89,-0.89,-2.39
Foster Weather Station,02/07/2016,3.0,3.56,3.0,3.56
Foster Weather Station,02/06/2016,-2.39,5.17,-1.17,3.17
Foster Weather Station,02/05/2016,-2.06,-0.28,-1.17,-0.89
Foster Weather Station,02/04/2016,-6.17,-0.28,-1.39,-1.06
Foster Weather Station,02/03/2016,-0.78,4.0,3.5,-0.78
Foster Weather Station,02/02/2016,0.0,3.0,0.5,3.0
Foster Weather Station,02/01/2016,0.17,3.28,2.06,0.17
Foster Weather Station,01/31/2016,2.78,9.56,7.78,2.78
Foster Weather Station,01/30/2016,2.56,8.56,2.56,7.89
Foster Weather Station,01/29/2016,-5.0,2.39,-1.28,2.39
Foster Weather Station,01/28/2016,-0.89,4.39,1.56,-0.89
Foster Weather Station,01/27/2016,-3.56,1.0,-3.06,1.0
Foster Weather Station,01/26/2016,-2.89,4.06,4.06,-2.89
Foster Weather Station,01/25/2016,-0.5,6.06,0.28,6.06
Foster Weather Station,01/24/2016,-3.67,1.5,-2.56,0.5
Foster Weather Station,01/23/2016,-1.56,-0.06,-0.06,-1.56
Foster Weather Station,01/22/2016,-4.39,-0.06,-4.39,-0.06
Foster Weather Station,01/21/2016,-7.67,-3.17,-6.39,-3.17
Foster Weather Station,01/20/2016,-9.39,-4.78,-8.39,-6.56
Foster Weather Station,01/19/2016,-17.06,-8.17,-16.28,-8.5
Foster Weather Station,01/18/2016,-19.89,-14.06,-18.28,-16.06
Foster Weather Station,01/17/2016,-17.89,-15.89,-16.06,-17.89
Foster Weather Station,01/16/2016,-3.67,-0.5,-0.5,-3.67
Foster Weather Station,01/15/2016,-0.06,6.28,6.17,-0.06
Foster Weather Station,01/14/2016,-2.0,7.39,-2.0,6.78
Foster Weather Station,01/13/2016,-16.5,-2.28,-15.5,-2.28
Foster Weather Station,01/12/2016,-15.17,-5.67,-5.67,-15.17
Foster Weather Station,01/11/2016,-17.89,-4.28,-16.56,-4.39
Foster Weather Station,01/10/2016,-16.17,-4.89,-4.89,-16.17
Foster Weather Station,01/09/2016,-2.39,6.39,6.39,-2.39
Foster Weather Station,01/08/2016,3.0,7.28,3.5,6.39
Foster Weather Station,01/07/2016,2.28,3.78,2.28,3.5
Foster Weather Station,01/06/2016,-2.78,3.56,-1.67,3.28
Foster Weather Station,01/05/2016,-5.5,0.56,-2.5,-1.28
Foster Weather Station,01/04/2016,-3.39,-0.78,-2.5,-2.28
Foster Weather Station,01/03/2016,-3.89,-0.89,-3.17,-2.5
Foster Weather Station,01/02/2016,-4.56,1.0,-1.56,-2.06
Foster Weather Station,01/01/2016,-7.06,-0.5,-3.67,-1.0
Oak Street Weather Station,12/31/2016,-0.3,6.3,4.1,-0.3
Oak Street Weather Station,12/30/2016,-2.3,4.2,0.8,4.2
Oak Street Weather Station,12/29/2016,0.9,3.1,3.1,1.6
Oak Street Weather Station,12/28/2016,-1.1,7.6,-1.1,3.9
Oak Street Weather Station,12/27/2016,-2.1,-0.1,-0.1,-0.9
Oak Street Weather Station,12/26/2016,0.4,13.0,4.7,0.4
Oak Street Weather Station,12/25/2016,1.2,3.4,1.9,3.1
Oak Street Weather Station,12/24/2016,1.9,3.1,2.9,2.6
Oak Street Weather Station,12/23/2016,1.3,4.2,1.3,2.7
Oak Street Weather Station,12/22/2016,0.6,5.0,1.9,0.9
Oak Street Weather Station,12/21/2016,-2.5,3.9,-2.1,2.0
Oak Street Weather Station,12/20/2016,-6.8,-0.6,-6.8,-1.9
Oak Street Weather Station,12/19/2016,-17.7,-7.5,-17.2,-7.5
Oak Street Weather Station,12/18/2016,-16.7,-7.4,-7.4,-16.7
Oak Street Weather Station,12/17/2016,-5.5,-2.8,-3.9,-5.3
Oak Street Weather Station,12/16/2016,-8.1,-4.6,-8.1,-4.6
Oak Street Weather Station,12/15/2016,-15.7,-10.5,-13.5,-10.5
Oak Street Weather Station,12/14/2016,-13.2,-5.6,-11.7,-13.2
Oak Street Weather Station,12/13/2016,-11.6,-3.3,-4.6,-11.6
Oak Street Weather Station,12/12/2016,-6.6,1.8,1.8,-3.7
Oak Street Weather Station,12/11/2016,-2.7,2.0,-2.7,1.8
Oak Street Weather Station,12/10/2016,-5.5,-2.7,-5.0,-3.1
Oak Street Weather Station,12/09/2016,-4.6,-2.4,-3.7,-4.6
Oak Street Weather Station,12/08/2016,-6.5,-3.0,-3.0,-3.6
Oak Street Weather Station,12/07/2016,-3.7,0.3,-1.2,-3.0
Oak Street Weather Station,12/06/2016,-1.0,5.9,3.9,-1.0
Oak Street Weather Station,12/05/2016,1.5,3.5,1.5,3.5
Oak Street Weather Station,12/04/2016,1.3,3.1,1.8,1.9
Oak Street Weather Station,12/03/2016,1.0,3.0,3.0,2.3
Oak Street Weather Station,12/02/2016,3.1,5.1,4.5,3.1
Oak Street Weather Station,12/01/2016,3.6,6.0,3.9,4.5
Oak Street Weather Station,11/30/2016,3.9,9.8,9.8,3.9
Oak Street Weather Station,11/29/2016,9.3,14.6,12.0,10.7
Oak Street Weather Station,11/28/2016,6.4,11.7,7.0,11.3
Oak Street Weather Station,11/27/2016,3.8,8.0,5.4,8.0
Oak Street Weather Station,11/26/2016,2.7,8.3,3.5,6.4
Oak Street Weather Station,11/25/2016,3.5,6.3,3.7,4.0
Oak Street Weather Station,11/24/2016,3.6,7.8,7.8,3.6
Oak Street Weather Station,11/23/2016,4.9,8.1,5.4,8.1
Oak Street Weather Station,11/22/2016,3.1,5.9,4.3,5.9
Oak Street Weather Station,11/21/2016,-0.6,4.1,0.1,4.1
Oak Street Weather Station,11/20/2016,-2.4,1.5,-0.6,0.3
Oak Street Weather Station,11/19/2016,0.7,5.8,5.8,0.7
Oak Street Weather Station,11/18/2016,6.1,20.2,20.2,6.1
Oak Street Weather Station,11/17/2016,12.8,22.8,13.6,20.7
Oak Street Weather Station,11/16/2016,9.6,13.3,11.8,13.3
Oak Street Weather Station,11/15/2016,8.9,13.0,13.0,12.2
Oak Street Weather Station,11/14/2016,8.9,16.3,9.8,13.6
Oak Street Weather Station,11/13/2016,5.7,14.2,8.0,10.0
Oak Street Weather Station,11/12/2016,6.0,11.7,8.9,9.0
Oak Street Weather Station,11/11/2016,8.9,14.1,14.1,9.0
Oak Street Weather Station,11/10/2016,8.7,17.8,10.3,14.0
Oak Street Weather Station,11/09/2016,8.3,13.8,11.5,10.7
Oak Street Weather Station,11/08/2016,11.7,17.1,17.1,11.7
Oak Street Weather Station,11/07/2016,14.4,19.0,16.4,17.3
Oak Street Weather Station,11/06/2016,13.3,18.7,15.5,17.0
Oak Street Weather Station,11/05/2016,12.4,20.5,14.3,16.3
Oak Street Weather Station,11/04/2016,12.3,15.2,13.2,14.6
Oak Street Weather Station,11/03/2016,11.1,14.1,13.5,13.3
Oak Street Weather Station,11/02/2016,13.8,21.4,21.4,13.8
Oak Street Weather Station,11/01/2016,17.2,24.9,17.2,21.7
Oak Street Weather Station,10/31/2016,9.5,16.5,11.4,16.5
Oak Street Weather Station,10/30/2016,10.8,14.3,14.3,10.9
Oak Street Weather Station,10/29/2016,14.4,22.4,18.8,14.4
Oak Street Weather Station,10/28/2016,8.6,18.9,9.3,18.9
Oak Street Weather Station,10/27/2016,8.2,11.4,11.1,9.9
Oak Street Weather Station,10/26/2016,9.2,11.8,11.7,11.5
Oak Street Weather Station,10/25/2016,10.1,12.7,11.8,12.1
Oak Street Weather Station,10/24/2016,10.1,14.1,14.1,11.7
Oak Street Weather Station,10/23/2016,12.8,22.5,13.6,14.1
Oak Street Weather Station,10/22/2016,6.8,15.9,8.2,14.0
Oak Street Weather Station,10/21/2016,8.0,10.5,10.3,8.4
Oak Street Weather Station,10/20/2016,11.3,16.3,16.3,11.3
Oak Street Weather Station,10/19/2016,16.5,18.5,18.5,16.5
Oak Street Weather Station,10/18/2016,17.7,25.0,25.0,18.0
Oak Street Weather Station,10/17/2016,21.4,28.3,21.9,25.6
Oak Street Weather Station,10/16/2016,19.1,21.9,21.9,19.5
Oak Street Weather Station,10/15/2016,14.7,22.3,16.4,22.2
Oak Street Weather Station,10/14/2016,11.5,19.1,12.0,16.8
Oak Street Weather Station,10/13/2016,7.5,12.7,9.7,12.4
Oak Street Weather Station,10/12/2016,9.7,21.2,21.1,9.7
Oak Street Weather Station,10/11/2016,18.4,23.2,19.0,21.0
Oak Street Weather Station,10/10/2016,13.8,19.6,15.5,19.0
Oak Street Weather Station,10/09/2016,13.0,16.3,16.1,16.3
Oak Street Weather Station,10/08/2016,9.4,16.5,13.0,16.5
Oak Street Weather Station,10/07/2016,13.2,24.0,24.0,13.2
Oak Street Weather Station,10/06/2016,18.3,24.1,21.1,24.1
Oak Street Weather Station,10/05/2016,19.4,27.0,19.6,22.5
Oak Street Weather Station,10/04/2016,17.6,20.3,17.8,20.0
Oak Street Weather Station,10/03/2016,16.5,17.9,17.2,17.8
Oak Street Weather Station,10/02/2016,15.4,18.5,16.1,17.4
Oak Street Weather Station,10/01/2016,16.1,17.0,16.8,16.6
Oak Street Weather Station,09/30/2016,16.5,17.5,17.1,16.7
Oak Street Weather Station,09/29/2016,16.9,17.8,17.7,17.0
Oak Street Weather Station,09/28/2016,11.6,17.7,14.4,17.7
Oak Street Weather Station,09/27/2016,13.9,21.2,17.6,14.8
Oak Street Weather Station,09/26/2016,16.8,21.5,20.9,17.8
Oak Street Weather Station,09/25/2016,19.3,28.5,21.7,22.2
Oak Street Weather Station,09/24/2016,19.3,22.1,20.8,21.9
Oak Street Weather Station,09/23/2016,19.8,22.9,22.9,20.7
Oak Street Weather Station,09/22/2016,20.2,27.5,22.1,22.9
Oak Street Weather Station,09/21/2016,19.6,27.8,23.4,25.6
Oak Street Weather Station,09/20/2016,20.3,24.2,21.9,23.2
Oak Street Weather Station,09/19/2016,22.1,31.0,22.9,22.3
Oak Street Weather Station,09/18/2016,19.2,23.2,23.2,22.5
Oak Street Weather Station,09/17/2016,20.8,27.9,24.6,23.2
Oak Street Weather Station,09/16/2016,20.3,28.2,21.7,24.9
Oak Street Weather Station,09/15/2016,19.9,22.6,21.4,22.1
Oak Street Weather Station,09/14/2016,19.3,21.5,21.2,21.4
Oak Street Weather Station,09/13/2016,21.2,29.7,23.5,21.2
Oak Street Weather Station,09/12/2016,20.0,27.0,21.8,23.7
Oak Street Weather Station,09/11/2016,17.2,24.1,18.7,22.0
Oak Street Weather Station,09/10/2016,18.9,23.4,22.6,19.4
Oak Street Weather Station,09/09/2016,22.8,26.9,24.8,23.1
Oak Street Weather Station,09/08/2016,23.0,28.0,26.5,26.5
Oak Street Weather Station,09/07/2016,24.8,32.8,29.3,26.9
Oak Street Weather Station,09/06/2016,25.8,33.5,28.2,29.8
Oak Street Weather Station,09/05/2016,23.1,31.5,23.5,28.6
Oak Street Weather Station,09/04/2016,20.3,24.6,21.8,23.8
Oak Street Weather Station,09/03/2016,19.7,21.8,21.7,21.8
Oak Street Weather Station,09/02/2016,20.0,21.8,21.7,21.7
Oak Street Weather Station,09/01/2016,20.2,22.3,22.3,21.4
Oak Street Weather Station,08/31/2016,21.3,24.5,24.4,22.6
Oak Street Weather Station,08/30/2016,22.6,29.3,24.9,23.2
Oak Street Weather Station,08/29/2016,22.9,25.7,23.7,25.2
Oak Street Weather Station,08/28/2016,23.1,26.4,26.4,23.7
Oak Street Weather Station,08/27/2016,21.5,30.2,22.1,27.1
Oak Street Weather Station,08/26/2016,20.4,24.5,24.5,22.1
Oak Street Weather Station,08/25/2016,21.1,26.8,26.8,24.6
Oak Street Weather Station,08/24/2016,22.8,29.6,24.7,27.2
Oak Street Weather Station,08/23/2016,21.7,27.8,22.8,24.4
Oak Street Weather Station,08/22/2016,19.0,26.2,20.3,23.3
Oak Street Weather Station,08/21/2016,17.1,23.7,20.4,21.1
Oak Street Weather Station,08/20/2016,20.8,26.8,26.0,20.8
Oak Street Weather Station,08/19/2016,21.5,28.6,24.0,25.9
Oak Street Weather Station,08/18/2016,21.9,30.5,25.9,25.5
Oak Street Weather Station,08/17/2016,24.1,30.8,26.2,26.0
Oak Street Weather Station,08/16/2016,21.7,26.1,22.5,26.1
Oak Street Weather Station,08/15/2016,22.4,26.0,26.0,23.0
Oak Street Weather Station,08/14/2016,23.3,25.9,25.4,25.9
Oak Street Weather Station,08/13/2016,24.1,29.3,24.1,25.7
Oak Street Weather Station,08/12/2016,24.3,30.4,30.4,24.6
Oak Street Weather Station,08/11/2016,26.5,33.8,27.4,30.7
Oak Street Weather Station,08/10/2016,25.6,28.0,26.4,27.5
Oak Street Weather Station,08/09/2016,23.6,27.7,24.9,27.7
Oak Street Weather Station,08/08/2016,23.4,25.4,24.0,24.7
Oak Street Weather Station,08/07/2016,22.6,25.2,24.0,24.1
Oak Street Weather Station,08/06/2016,21.6,24.9,24.9,23.9
Oak Street Weather Station,08/05/2016,23.7,28.4,28.4,24.0
Oak Street Weather Station,08/04/2016,26.4,30.5,27.0,29.7
Oak Street Weather Station,08/03/2016,24.9,28.3,26.4,27.1
Oak Street Weather Station,08/02/2016,23.4,26.6,23.7,26.3
Oak Street Weather Station,08/01/2016,22.5,24.6,22.5,23.5
Oak Street Weather Station,07/31/2016,21.5,23.7,22.5,22.5
Oak Street Weather Station,07/30/2016,21.2,23.6,23.6,22.9
Oak Street Weather Station,07/29/2016,21.4,24.4,22.2,23.4
Oak Street Weather Station,07/28/2016,22.8,26.4,26.0,24.0
Oak Street Weather Station,07/27/2016,23.4,27.6,25.6,25.6
Oak Street Weather Station,07/26/2016,22.3,26.5,26.0,26.3
Oak Street Weather Station,07/25/2016,24.0,27.0,26.1,25.8
Oak Street Weather Station,07/24/2016,21.8,34.0,22.2,26.7
Oak Street Weather Station,07/23/2016,21.4,29.7,29.7,21.4
Oak Street Weather Station,07/22/2016,22.7,32.1,23.8,29.7
Oak Street Weather Station,07/21/2016,23.7,32.0,27.3,23.7
Oak Street Weather Station,07/20/2016,24.5,31.0,24.5,27.7
Oak Street Weather Station,07/19/2016,22.6,25.9,25.5,24.4
Oak Street Weather Station,07/18/2016,22.8,25.3,23.2,25.0
Oak Street Weather Station,07/17/2016,21.2,29.4,22.5,26.2
Oak Street Weather Station,07/16/2016,18.6,22.4,19.7,22.2
Oak Street Weather Station,07/15/2016,18.9,25.4,25.4,19.5
Oak Street Weather Station,07/14/2016,21.2,31.0,22.3,26.3
Oak Street Weather Station,07/13/2016,23.0,29.9,25.5,23.0
Oak Street Weather Station,07/12/2016,25.8,31.6,27.8,31.6
Oak Street Weather Station,07/11/2016,24.3,33.0,24.6,28.2
Oak Street Weather Station,07/10/2016,20.9,25.6,22.0,25.4
Oak Street Weather Station,07/09/2016,20.1,24.1,24.1,22.0
Oak Street Weather Station,07/08/2016,21.6,31.0,21.8,25.0
Oak Street Weather Station,07/07/2016,22.1,27.8,25.3,22.1
Oak Street Weather Station,07/06/2016,21.3,30.5,26.7,27.4
Oak Street Weather Station,07/05/2016,22.1,29.3,23.3,27.7
Oak Street Weather Station,07/04/2016,19.1,23.8,19.1,23.8
Oak Street Weather Station,07/03/2016,19.3,21.2,19.7,21.2
Oak Street Weather Station,07/02/2016,19.3,21.3,19.3,20.8
Oak Street Weather Station,07/01/2016,18.0,21.1,21.1,19.6
Oak Street Weather Station,06/30/2016,20.9,26.0,22.3,23.7
Oak Street Weather Station,06/29/2016,16.6,22.1,18.7,22.1
Oak Street Weather Station,06/28/2016,17.3,21.9,21.9,18.6
Oak Street Weather Station,06/27/2016,22.1,32.8,27.2,22.4
Oak Street Weather Station,06/26/2016,23.5,29.7,28.8,28.8
Oak Street Weather Station,06/25/2016,22.2,31.5,22.2,29.1
Oak Street Weather Station,06/24/2016,19.5,22.5,19.7,22.0
Oak Street Weather Station,06/23/2016,18.9,21.1,20.5,19.1
Oak Street Weather Station,06/22/2016,20.1,25.6,24.3,20.4
Oak Street Weather Station,06/21/2016,21.5,25.5,25.5,23.9
Oak Street Weather Station,06/20/2016,24.4,33.9,28.7,24.5
Oak Street Weather Station,06/19/2016,23.6,32.8,24.5,28.8
Oak Street Weather Station,06/18/2016,19.3,24.2,19.7,23.9
Oak Street Weather Station,06/17/2016,17.5,20.0,18.0,19.6
Oak Street Weather Station,06/16/2016,17.1,23.1,23.1,17.9
Oak Street Weather Station,06/15/2016,21.4,30.9,23.9,30.0
Oak Street Weather Station,06/14/2016,18.1,25.5,19.2,24.5
Oak Street Weather Station,06/13/2016,15.8,22.3,16.4,20.5
Oak Street Weather Station,06/12/2016,16.2,29.4,29.4,16.8
Oak Street Weather Station,06/11/2016,22.4,33.6,29.4,30.1
Oak Street Weather Station,06/10/2016,17.2,33.4,18.0,30.4
Oak Street Weather Station,06/09/2016,15.5,21.1,15.5,18.5
Oak Street Weather Station,06/08/2016,14.0,16.1,16.1,15.3
Oak Street Weather Station,06/07/2016,14.6,17.8,16.7,15.0
Oak Street Weather Station,06/06/2016,17.6,28.7,21.3,17.6
Oak Street Weather Station,06/05/2016,18.0,26.6,21.4,18.0
Oak Street Weather Station,06/04/2016,19.8,24.9,24.6,21.4
Oak Street Weather Station,06/03/2016,15.9,24.7,17.8,24.7
Oak Street Weather Station,06/02/2016,17.4,25.9,22.7,17.8
Oak Street Weather Station,06/01/2016,16.8,24.5,18.4,24.0
Oak Street Weather Station,05/31/2016,17.2,23.3,19.3,17.7
Oak Street Weather Station,05/30/2016,20.0,24.0,24.0,20.0
Oak Street Weather Station,05/29/2016,20.4,27.1,22.8,24.5
Oak Street Weather Station,05/28/2016,17.8,28.1,21.9,25.3
Oak Street Weather Station,05/27/2016,20.9,26.2,25.1,21.9
Oak Street Weather Station,05/26/2016,17.6,29.0,17.6,26.0
Oak Street Weather Station,05/25/2016,16.8,25.8,25.8,16.8
Oak Street Weather Station,05/24/2016,20.6,30.7,22.9,26.6
Oak Street Weather Station,05/23/2016,15.2,22.6,15.2,21.6
Oak Street Weather Station,05/22/2016,13.5,20.3,15.5,15.5
Oak Street Weather Station,05/21/2016,14.2,19.1,14.2,16.1
Oak Street Weather Station,05/20/2016,12.0,16.2,14.3,13.2
Oak Street Weather Station,05/19/2016,11.4,15.3,14.7,13.7
Oak Street Weather Station,05/09/2016,11.1,16.0,14.9,13.1
Oak Street Weather Station,05/08/2016,9.4,18.8,11.0,12.5
Oak Street Weather Station,05/07/2016,10.0,23.9,23.9,12.7
Oak Street Weather Station,05/06/2016,9.6,28.4,9.6,25.3
Oak Street Weather Station,05/05/2016,5.9,9.4,7.0,9.4
Oak Street Weather Station,05/04/2016,6.8,16.9,16.9,6.8
Oak Street Weather Station,05/03/2016,9.7,19.2,10.2,17.1
Oak Street Weather Station,05/02/2016,7.3,9.3,7.8,9.3
Oak Street Weather Station,05/01/2016,6.6,8.3,7.4,8.1
Oak Street Weather Station,04/30/2016,6.3,8.5,6.3,7.4
Oak Street Weather Station,04/29/2016,5.8,7.1,6.8,6.4
Oak Street Weather Station,04/28/2016,6.7,8.8,8.8,6.8
Oak Street Weather Station,04/27/2016,6.2,10.0,7.2,10.0
Oak Street Weather Station,04/26/2016,5.6,22.3,22.3,7.4
Oak Street Weather Station,04/24/2016,8.7,21.2,8.7,21.2
Oak Street Weather Station,04/23/2016,6.2,9.1,6.6,9.1
Oak Street Weather Station,04/22/2016,5.1,15.2,14.5,6.6
Oak Street Weather Station,04/21/2016,13.0,17.4,14.7,15.3
Oak Street Weather Station,04/20/2016,9.7,19.4,9.7,15.8
Oak Street Weather Station,04/19/2016,6.7,11.3,9.8,10.1
Oak Street Weather Station,04/18/2016,16.1,21.0,19.5,21.0
Oak Street Weather Station,04/17/2016,11.4,18.6,13.5,11.4
Oak Street Weather Station,04/16/2016,8.1,14.6,10.1,13.2
Oak Street Weather Station,04/15/2016,6.8,11.3,11.3,8.7
Oak Street Weather Station,04/14/2016,5.8,9.7,9.7,8.8
Oak Street Weather Station,04/13/2016,4.6,8.8,4.6,8.8
Oak Street Weather Station,04/12/2016,3.0,5.6,5.6,4.3
Oak Street Weather Station,04/11/2016,5.7,11.6,11.6,5.7
Oak Street Weather Station,04/10/2016,1.9,11.3,1.9,11.3
Oak Street Weather Station,04/09/2016,-3.7,1.8,-0.3,1.8
Oak Street Weather Station,04/08/2016,-0.5,5.4,5.2,-0.2
Oak Street Weather Station,04/07/2016,3.0,8.1,8.1,5.1
Oak Street Weather Station,04/06/2016,7.2,10.6,7.4,8.6
Oak Street Weather Station,04/05/2016,0.8,7.8,0.8,7.3
Oak Street Weather Station,04/04/2016,1.1,4.0,4.0,1.1
Oak Street Weather Station,04/03/2016,0.6,22.6,0.6,4.0
Oak Street Weather Station,04/02/2016,1.4,5.0,4.7,1.5
Oak Street Weather Station,04/01/2016,4.3,9.4,5.6,5.5
Oak Street Weather Station,03/31/2016,5.6,20.3,15.1,5.6
Oak Street Weather Station,03/30/2016,8.6,16.7,9.2,15.1
Oak Street Weather Station,03/29/2016,4.6,9.8,6.4,9.0
Oak Street Weather Station,03/28/2016,5.1,8.2,8.0,6.4
Oak Street Weather Station,03/27/2016,7.4,15.9,7.8,7.8
Oak Street Weather Station,03/26/2016,4.2,7.2,4.7,7.2
Oak Street Weather Station,03/25/2016,0.7,4.6,0.7,4.6
Oak Street Weather Station,03/24/2016,0.9,5.6,4.4,0.9
Oak Street Weather Station,03/23/2016,4.0,5.4,5.4,4.8
Oak Street Weather Station,03/22/2016,8.2,18.9,9.1,9.6
Oak Street Weather Station,03/21/2016,2.1,9.1,3.9,9.1
Oak Street Weather Station,03/20/2016,2.1,3.5,3.5,3.5
Oak Street Weather Station,03/19/2016,2.8,4.2,3.3,3.8
Oak Street Weather Station,03/18/2016,3.3,9.7,9.7,3.4
Oak Street Weather Station,03/17/2016,8.0,13.5,10.5,10.5
Oak Street Weather Station,03/16/2016,10.4,14.0,10.7,11.3
Oak Street Weather Station,03/15/2016,5.6,12.3,7.5,12.1
Oak Street Weather Station,03/14/2016,5.9,8.7,8.1,7.6
Oak Street Weather Station,03/13/2016,5.6,8.1,8.1,6.7
Oak Street Weather Station,03/12/2016,4.7,9.7,9.1,6.1
Oak Street Weather Station,03/11/2016,3.8,8.1,4.8,8.1
Oak Street Weather Station,03/10/2016,4.0,8.8,8.8,4.7
Oak Street Weather Station,03/09/2016,13.5,18.6,17.7,13.5
Oak Street Weather Station,03/08/2016,15.5,21.4,16.3,18.0
Oak Street Weather Station,03/07/2016,10.1,17.3,10.3,16.7
Oak Street Weather Station,03/06/2016,2.8,11.0,3.2,10.1
Oak Street Weather Station,03/05/2016,0.0,3.9,0.0,2.8
Oak Street Weather Station,03/04/2016,-1.9,2.2,0.6,-0.8
Oak Street Weather Station,03/03/2016,-1.3,0.8,0.0,0.6
Oak Street Weather Station,03/02/2016,-7.4,0.6,-5.0,0.5
Oak Street Weather Station,03/01/2016,-5.2,0.6,-0.7,-5.0
Oak Street Weather Station,02/29/2016,0.3,11.9,3.8,0.3
Oak Street Weather Station,02/28/2016,4.0,18.0,13.8,4.0
Oak Street Weather Station,02/27/2016,0.1,13.2,0.5,11.3
Oak Street Weather Station,02/26/2016,-0.5,2.1,1.2,1.1
Oak Street Weather Station,02/25/2016,0.7,2.2,1.9,1.4
Oak Street Weather Station,02/24/2016,0.8,3.2,3.2,0.8
Oak Street Weather Station,02/23/2016,0.9,3.2,1.8,3.2
Oak Street Weather Station,02/22/2016,1.6,3.1,1.8,2.3
Oak Street Weather Station,02/21/2016,2.0,4.5,4.5,2.0
Oak Street Weather Station,02/20/2016,8.5,15.1,9.9,8.5
Oak Street Weather Station,02/19/2016,6.1,17.5,6.1,11.5
Oak Street Weather Station,02/18/2016,-2.4,5.9,-1.1,5.9
Oak Street Weather Station,02/17/2016,-2.8,0.5,0.1,-1.2
Oak Street Weather Station,02/16/2016,-2.4,0.6,-2.0,0.2
Oak Street Weather Station,02/15/2016,-6.4,-0.7,-6.4,-1.9
Oak Street Weather Station,02/14/2016,-8.9,-6.1,-8.2,-6.4
Oak Street Weather Station,02/13/2016,-14.0,-7.7,-11.7,-8.2
Oak Street Weather Station,02/12/2016,-11.2,-4.5,-5.4,-11.2
Oak Street Weather Station,02/11/2016,-11.3,-5.0,-9.4,-5.4
Oak Street Weather Station,02/10/2016,-10.5,-7.4,-8.0,-9.5
Oak Street Weather Station,02/09/2016,-8.2,-6.3,-7.2,-8.2
Oak Street Weather Station,02/08/2016,-1.0,0.4,0.4,-0.9
Oak Street Weather Station,02/07/2016,5.0,5.8,5.0,5.8
Oak Street Weather Station,02/06/2016,-1.2,5.8,-0.4,5.4
Oak Street Weather Station,02/05/2016,-1.1,0.1,-0.5,0.1
Oak Street Weather Station,02/04/2016,-4.4,0.5,-0.4,0.1
Oak Street Weather Station,02/03/2016,0.2,4.8,3.7,0.2
Oak Street Weather Station,02/02/2016,1.1,4.4,1.5,4.4
Oak Street Weather Station,02/01/2016,1.3,4.5,3.2,1.3
Oak Street Weather Station,01/31/2016,3.6,10.2,9.8,3.6
Oak Street Weather Station,01/30/2016,3.9,10.1,3.9,10.1
Oak Street Weather Station,01/29/2016,-3.7,3.7,-0.9,3.7
Oak Street Weather Station,01/28/2016,0.2,5.3,2.1,0.2
Oak Street Weather Station,01/27/2016,-2.5,2.0,-2.0,1.9
Oak Street Weather Station,01/26/2016,-1.8,5.1,5.1,-1.8
Oak Street Weather Station,01/25/2016,0.5,7.0,1.3,7.0
Oak Street Weather Station,01/24/2016,-2.7,2.3,-1.3,1.5
Oak Street Weather Station,01/23/2016,-0.9,0.2,0.0,-0.3
Oak Street Weather Station,01/22/2016,-2.8,0.4,-2.2,0.2
Oak Street Weather Station,01/21/2016,-6.3,-2.1,-5.4,-2.1
Oak Street Weather Station,01/20/2016,-8.0,-4.3,-7.0,-5.4
Oak Street Weather Station,01/19/2016,-15.1,-7.1,-14.4,-7.1
Oak Street Weather Station,01/18/2016,-17.9,-12.6,-16.4,-14.0
Oak Street Weather Station,01/17/2016,-16.1,-13.6,-13.6,-16.1
Oak Street Weather Station,01/16/2016,-2.1,0.5,0.5,-2.1
Oak Street Weather Station,01/15/2016,1.0,7.8,7.8,1.2
Oak Street Weather Station,01/14/2016,-0.6,9.1,-0.6,8.3
Oak Street Weather Station,01/13/2016,-14.8,-0.9,-13.4,-0.9
Oak Street Weather Station,01/12/2016,-13.1,-5.1,-5.1,-13.1
Oak Street Weather Station,01/11/2016,-15.7,-3.4,-14.4,-3.6
Oak Street Weather Station,01/10/2016,-13.8,-3.1,-3.1,-13.8
Oak Street Weather Station,01/09/2016,-0.5,7.4,7.4,-0.5
Oak Street Weather Station,01/08/2016,4.3,8.4,6.4,7.4
Oak Street Weather Station,01/07/2016,3.6,7.0,3.6,7.0
Oak Street Weather Station,01/06/2016,-0.5,4.7,0.0,4.3
Oak Street Weather Station,01/05/2016,-3.8,1.6,-1.8,-0.1
Oak Street Weather Station,01/04/2016,-2.5,0.1,-1.4,-1.6
Oak Street Weather Station,01/03/2016,-2.7,0.2,-2.0,-1.4
Oak Street Weather Station,01/02/2016,-3.9,1.5,-0.7,-0.8
Oak Street Weather Station,01/01/2016,-5.8,0.5,-2.3,-0.1
